INSERT INTO Coach (`name`, `surname`, `DoB`, `phone`, `dailySalary`, `idCoach`,`gender`) VALUES ('Larry Hand', 'Gleason', '1970-01-01', '133594096', '14523.2', 1,'M');
INSERT INTO Coach (`name`, `surname`, `DoB`, `phone`, `dailySalary`, `idCoach`,`gender`) VALUES ('Dr. Kariane Ullrich', 'Wyman', '1970-01-01', '184552681', '42039', 2,'M');
INSERT INTO Coach (`name`, `surname`, `DoB`, `phone`, `dailySalary`, `idCoach`,`gender`) VALUES ('Moriah Wuckert', 'Bernier', '1970-01-01', '559559084', '39675.6', 3,'M');
INSERT INTO Coach (`name`, `surname`, `DoB`, `phone`, `dailySalary`, `idCoach`,`gender`) VALUES ('Vidal Hauck', 'Rowe', '1970-01-01', '342490428', '12957.1', 4,'M');
INSERT INTO Coach (`name`, `surname`, `DoB`, `phone`, `dailySalary`, `idCoach`,`gender`) VALUES ('Rickie Bogisich', 'Kreiger', '1970-01-01', '707196884', '24875.6', 5,'M');
INSERT INTO Coach (`name`, `surname`, `DoB`, `phone`, `dailySalary`, `idCoach`,`gender`) VALUES ('Prof. Sheldon Leannon III', 'OReilly', '1970-01-01', '024353844', '41037.8', 6,'M');
INSERT INTO Coach (`name`, `surname`, `DoB`, `phone`, `dailySalary`, `idCoach`,`gender`) VALUES ('Dimitri Rutherford', 'Price', '1970-01-01', '300686491', '18483.7', 7,'M');
INSERT INTO Coach (`name`, `surname`, `DoB`, `phone`, `dailySalary`, `idCoach`,`gender`) VALUES ('Gerhard Zieme', 'Legros', '1970-01-01', '500001599', '30791.2', 8,'M');
INSERT INTO Coach (`name`, `surname`, `DoB`, `phone`, `dailySalary`, `idCoach`,`gender`) VALUES ('Lenore Hammes', 'Bailey', '1970-01-01', '943792161', '46355.8', 9,'M');
INSERT INTO Coach (`name`, `surname`, `DoB`, `phone`, `dailySalary`, `idCoach`,`gender`) VALUES ('Raheem Keebler', 'Lynch', '1970-01-01', '586487424', '21874.1', 10,'M');
INSERT INTO Coach (`name`, `surname`, `DoB`, `phone`, `dailySalary`, `idCoach`,`gender`) VALUES ('Prof. Gabrielle Becker II', 'Adams', '1970-01-01', '019836679', '25033.9', 11,'M');
INSERT INTO Coach (`name`, `surname`, `DoB`, `phone`, `dailySalary`, `idCoach`,`gender`) VALUES ('Buddy McCullough', 'Lynch', '1970-01-01', '328209055', '24785.5', 12,'M');
INSERT INTO Coach (`name`, `surname`, `DoB`, `phone`, `dailySalary`, `idCoach`,`gender`) VALUES ('Tremaine Kozey Jr.', 'Shields', '1970-01-01', '766045252', '49312.4', 13,'M');
INSERT INTO Coach (`name`, `surname`, `DoB`, `phone`, `dailySalary`, `idCoach`,`gender`) VALUES ('Ms. Alena Fay', 'Kirlin', '1970-01-01', '494867172', '2693.3', 14,'M');
INSERT INTO Coach (`name`, `surname`, `DoB`, `phone`, `dailySalary`, `idCoach`,`gender`) VALUES ('Jimmie Ruecker', 'Torp', '1970-01-01', '892420432', '7942.49', 15,'M');
INSERT INTO Coach (`name`, `surname`, `DoB`, `phone`, `dailySalary`, `idCoach`,`gender`) VALUES ('Elton Hudson V', 'Braun', '1970-01-01', '094624318', '23549.1', 16,'M');
INSERT INTO Coach (`name`, `surname`, `DoB`, `phone`, `dailySalary`, `idCoach`,`gender`) VALUES ('Khalid Bogisich Sr.', 'Rice', '1970-01-01', '670100992', '30593.8', 17,'M');
INSERT INTO Coach (`name`, `surname`, `DoB`, `phone`, `dailySalary`, `idCoach`,`gender`) VALUES ('Jazmyn Watsica', 'Homenick', '1970-01-01', '886456721', '30815.1', 18,'M');
INSERT INTO Coach (`name`, `surname`, `DoB`, `phone`, `dailySalary`, `idCoach`,`gender`) VALUES ('Miss Virginie Aufderhar V', 'Osinski', '1970-01-01', '900244526', '21837.8', 19,'M');
INSERT INTO Coach (`name`, `surname`, `DoB`, `phone`, `dailySalary`, `idCoach`,`gender`) VALUES ('Prof. Gina Ritchie', 'Morissette', '1970-01-01', '470982770', '22961.7', 20,'M');
INSERT INTO Coach (`name`, `surname`, `DoB`, `phone`, `dailySalary`, `idCoach`,`gender`) VALUES ('Prof. Gina Ritchie', 'Morissette', '1970-01-01', '470982770', '22961.7', 21,'M');

INSERT INTO Contender (`idContender`, `stageName`, `type`, `idCoach`) VALUES (1, 'xsddig', 'GROUP', 11);
INSERT INTO Contender (`idContender`, `stageName`, `type`, `idCoach`) VALUES (2, 'uztmta', 'GROUP', 14);
INSERT INTO Contender (`idContender`, `stageName`, `type`, `idCoach`) VALUES (3, 'rmfzyv', 'INDIVIDUAL', 7);
INSERT INTO Contender (`idContender`, `stageName`, `type`, `idCoach`) VALUES (4, 'qssdpi', 'GROUP', 9);
INSERT INTO Contender (`idContender`, `stageName`, `type`, `idCoach`) VALUES (5, 'eucvrw', 'INDIVIDUAL', 20);
INSERT INTO Contender (`idContender`, `stageName`, `type`, `idCoach`) VALUES (6, 'ergrcg', 'INDIVIDUAL', 12);
INSERT INTO Contender (`idContender`, `stageName`, `type`, `idCoach`) VALUES (7, 'uivnsw', 'INDIVIDUAL', 7);
INSERT INTO Contender (`idContender`, `stageName`, `type`, `idCoach`) VALUES (8, 'ddzbtd', 'INDIVIDUAL', 18);
INSERT INTO Contender (`idContender`, `stageName`, `type`, `idCoach`) VALUES (9, 'aohiow', 'GROUP', 9);
INSERT INTO Contender (`idContender`, `stageName`, `type`, `idCoach`) VALUES (10, 'gkxhnr', 'GROUP', 16);
INSERT INTO Contender (`idContender`, `stageName`, `type`, `idCoach`) VALUES (11, 'emevis', 'GROUP', 4);
INSERT INTO Contender (`idContender`, `stageName`, `type`, `idCoach`) VALUES (12, 'xtoqmb', 'GROUP', 20);
INSERT INTO Contender (`idContender`, `stageName`, `type`, `idCoach`) VALUES (13, 'wvajwa', 'INDIVIDUAL', 14);
INSERT INTO Contender (`idContender`, `stageName`, `type`, `idCoach`) VALUES (14, 'mvqotg', 'GROUP', 7);
INSERT INTO Contender (`idContender`, `stageName`, `type`, `idCoach`) VALUES (15, 'tofzgy', 'INDIVIDUAL', 19);
INSERT INTO Contender (`idContender`, `stageName`, `type`, `idCoach`) VALUES (16, 'jsdida', 'GROUP', 15);
INSERT INTO Contender (`idContender`, `stageName`, `type`, `idCoach`) VALUES (17, 'clxhok', 'GROUP', 16);
INSERT INTO Contender (`idContender`, `stageName`, `type`, `idCoach`) VALUES (18, 'tsssqo', 'GROUP', 15);
INSERT INTO Contender (`idContender`, `stageName`, `type`, `idCoach`) VALUES (19, 'fssept', 'GROUP', 2);
INSERT INTO Contender (`idContender`, `stageName`, `type`, `idCoach`) VALUES (20, 'trzmur', 'GROUP', 11);


INSERT INTO Participant (`name`, `idParticipant`, `surname`, `DoB`, `phone`, `dailySalary`, `gender`, `idContender`) VALUES ('Eriberto', 1, 'Kassulke', '1978-11-30', '748717658', '3198.91', 'M', 8);
INSERT INTO Participant (`name`, `idParticipant`, `surname`, `DoB`, `phone`, `dailySalary`, `gender`, `idContender`) VALUES ('Pascale', 2, 'Bechtelar', '1970-03-01', '928729422', '2183.71', 'M', 11);
INSERT INTO Participant (`name`, `idParticipant`, `surname`, `DoB`, `phone`, `dailySalary`, `gender`, `idContender`) VALUES ('Leta', 3, 'Collier', '2009-10-28', '943094194', '4144.58', 'M', 18);
INSERT INTO Participant (`name`, `idParticipant`, `surname`, `DoB`, `phone`, `dailySalary`, `gender`, `idContender`) VALUES ('Neil', 4, 'Rutherford', '1978-06-24', '836544148', '4793.24', 'M', 2);
INSERT INTO Participant (`name`, `idParticipant`, `surname`, `DoB`, `phone`, `dailySalary`, `gender`, `idContender`) VALUES ('Pattie', 5, 'Wyman', '2002-05-06', '071411657', '4020.91', 'F', 10);
INSERT INTO Participant (`name`, `idParticipant`, `surname`, `DoB`, `phone`, `dailySalary`, `gender`, `idContender`) VALUES ('Abbie', 6, 'Pagac', '1984-07-20', '957008162', '2629.01', 'F', 12);
INSERT INTO Participant (`name`, `idParticipant`, `surname`, `DoB`, `phone`, `dailySalary`, `gender`, `idContender`) VALUES ('Earline', 7, 'Grady', '1981-01-15', '997524418', '2497.58', 'M', 1);
INSERT INTO Participant (`name`, `idParticipant`, `surname`, `DoB`, `phone`, `dailySalary`, `gender`, `idContender`) VALUES ('Devonte', 8, 'Hudson', '1985-06-15', '082892135', '3713.19', 'F', 13);
INSERT INTO Participant (`name`, `idParticipant`, `surname`, `DoB`, `phone`, `dailySalary`, `gender`, `idContender`) VALUES ('Bartholome', 9, 'Wolff', '1973-04-03', '331321158', '1597.08', 'M', 20);
INSERT INTO Participant (`name`, `idParticipant`, `surname`, `DoB`, `phone`, `dailySalary`, `gender`, `idContender`) VALUES ('Isabel', 10, 'Brakus', '1974-12-11', '362829785', '3779.36', 'F', 15);
INSERT INTO Participant (`name`, `idParticipant`, `surname`, `DoB`, `phone`, `dailySalary`, `gender`, `idContender`) VALUES ('Gage', 11, 'Cormier', '1994-06-13', '893509109', '4931.91', 'M', 8);
INSERT INTO Participant (`name`, `idParticipant`, `surname`, `DoB`, `phone`, `dailySalary`, `gender`, `idContender`) VALUES ('Jan', 12, 'Bayer', '1984-07-10', '589072280', '3102.67', 'M', 12);
INSERT INTO Participant (`name`, `idParticipant`, `surname`, `DoB`, `phone`, `dailySalary`, `gender`, `idContender`) VALUES ('Jimmy', 13, 'Stark', '1980-01-15', '311955054', '3838.36', 'M', 12);
INSERT INTO Participant (`name`, `idParticipant`, `surname`, `DoB`, `phone`, `dailySalary`, `gender`, `idContender`) VALUES ('Lilliana', 14, 'Mayert', '2003-09-24', '385702880', '4270.33', 'F', 1);
INSERT INTO Participant (`name`, `idParticipant`, `surname`, `DoB`, `phone`, `dailySalary`, `gender`, `idContender`) VALUES ('Terrence', 15, 'Stokes', '2011-10-19', '230219770', '3983.29', 'M', 5);
INSERT INTO Participant (`name`, `idParticipant`, `surname`, `DoB`, `phone`, `dailySalary`, `gender`, `idContender`) VALUES ('Shaina', 16, 'Bauch', '1984-06-11', '345064032', '3969.13', 'F', 13);
INSERT INTO Participant (`name`, `idParticipant`, `surname`, `DoB`, `phone`, `dailySalary`, `gender`, `idContender`) VALUES ('May', 17, 'Ritchie', '2006-07-14', '634446126', '2352.98', 'F', 1);
INSERT INTO Participant (`name`, `idParticipant`, `surname`, `DoB`, `phone`, `dailySalary`, `gender`, `idContender`) VALUES ('Melissa', 18, 'Von', '2007-09-03', '341041553', '4646.1', 'F', 1);
INSERT INTO Participant (`name`, `idParticipant`, `surname`, `DoB`, `phone`, `dailySalary`, `gender`, `idContender`) VALUES ('Jeanette', 19, 'Borer', '2005-12-14', '468390928', '3287.54', 'F', 7);
INSERT INTO Participant (`name`, `idParticipant`, `surname`, `DoB`, `phone`, `dailySalary`, `gender`, `idContender`) VALUES ('Graham', 20, 'Yundt', '1994-02-22', '112384634', '4396.1', 'F', 7);
INSERT INTO Participant (`name`, `idParticipant`, `surname`, `DoB`, `phone`, `dailySalary`, `gender`, `idContender`) VALUES ('Janessa', 21, 'Olson', '1983-11-10', '323180000', '1805.6', 'M', 19);
INSERT INTO Participant (`name`, `idParticipant`, `surname`, `DoB`, `phone`, `dailySalary`, `gender`, `idContender`) VALUES ('Alycia', 22, 'Powlowski', '1985-09-21', '638523709', '4783.26', 'M', 10);
INSERT INTO Participant (`name`, `idParticipant`, `surname`, `DoB`, `phone`, `dailySalary`, `gender`, `idContender`) VALUES ('Olin', 23, 'Olson', '1976-01-15', '987749740', '1192.71', 'F', 1);
INSERT INTO Participant (`name`, `idParticipant`, `surname`, `DoB`, `phone`, `dailySalary`, `gender`, `idContender`) VALUES ('Fabiola', 24, 'Schoen', '2000-06-13', '607167549', '1176.69', 'M', 1);
INSERT INTO Participant (`name`, `idParticipant`, `surname`, `DoB`, `phone`, `dailySalary`, `gender`, `idContender`) VALUES ('Lon', 25, 'Goyette', '2012-07-13', '175732769', '1371.93', 'M', 13);
INSERT INTO Participant (`name`, `idParticipant`, `surname`, `DoB`, `phone`, `dailySalary`, `gender`, `idContender`) VALUES ('Kiana', 26, 'Borer', '1987-10-02', '069583064', '4797.01', 'M', 19);
INSERT INTO Participant (`name`, `idParticipant`, `surname`, `DoB`, `phone`, `dailySalary`, `gender`, `idContender`) VALUES ('Kaylah', 27, 'Crona', '2013-08-02', '414451398', '4583.73', 'F', 7);
INSERT INTO Participant (`name`, `idParticipant`, `surname`, `DoB`, `phone`, `dailySalary`, `gender`, `idContender`) VALUES ('Abelardo', 28, 'Wilderman', '1994-06-13', '978665987', '3696.79', 'M', 18);
INSERT INTO Participant (`name`, `idParticipant`, `surname`, `DoB`, `phone`, `dailySalary`, `gender`, `idContender`) VALUES ('Stacey', 29, 'Predovic', '1990-05-10', '812047704', '1786.41', 'M', 8);
INSERT INTO Participant (`name`, `idParticipant`, `surname`, `DoB`, `phone`, `dailySalary`, `gender`, `idContender`) VALUES ('Rex', 30, 'Greenfelder', '1992-02-23', '404764493', '3724.3', 'M', 9);
INSERT INTO Participant (`name`, `idParticipant`, `surname`, `DoB`, `phone`, `dailySalary`, `gender`, `idContender`) VALUES ('Shaun', 31, 'Hartmann', '1971-11-25', '333456261', '3080.97', 'M', 11);
INSERT INTO Participant (`name`, `idParticipant`, `surname`, `DoB`, `phone`, `dailySalary`, `gender`, `idContender`) VALUES ('Matt', 32, 'Wolff', '2010-07-28', '092731559', '4859.66', 'M', 18);
INSERT INTO Participant (`name`, `idParticipant`, `surname`, `DoB`, `phone`, `dailySalary`, `gender`, `idContender`) VALUES ('Ansley', 33, 'Schmeler', '1980-12-09', '916358042', '3625.06', 'F', 20);
INSERT INTO Participant (`name`, `idParticipant`, `surname`, `DoB`, `phone`, `dailySalary`, `gender`, `idContender`) VALUES ('Omari', 34, 'Stokes', '1988-09-30', '063402967', '3371.52', 'F', 17);
INSERT INTO Participant (`name`, `idParticipant`, `surname`, `DoB`, `phone`, `dailySalary`, `gender`, `idContender`) VALUES ('Jaime', 35, 'Schneider', '1998-11-24', '405024041', '1775', 'M', 7);
INSERT INTO Participant (`name`, `idParticipant`, `surname`, `DoB`, `phone`, `dailySalary`, `gender`, `idContender`) VALUES ('Bessie', 36, 'Okuneva', '1978-06-21', '992069443', '1364.74', 'F', 3);
INSERT INTO Participant (`name`, `idParticipant`, `surname`, `DoB`, `phone`, `dailySalary`, `gender`, `idContender`) VALUES ('Bernita', 37, 'Mann', '1970-08-22', '291625612', '4864.15', 'F', 17);
INSERT INTO Participant (`name`, `idParticipant`, `surname`, `DoB`, `phone`, `dailySalary`, `gender`, `idContender`) VALUES ('Anastasia', 38, 'Huels', '1983-06-30', '309856011', '4768.82', 'M', 2);
INSERT INTO Participant (`name`, `idParticipant`, `surname`, `DoB`, `phone`, `dailySalary`, `gender`, `idContender`) VALUES ('Karine', 39, 'Barton', '2005-07-14', '857445423', '3655.16', 'F', 10);
INSERT INTO Participant (`name`, `idParticipant`, `surname`, `DoB`, `phone`, `dailySalary`, `gender`, `idContender`) VALUES ('Cale', 40, 'Hegmann', '1998-11-26', '648492915', '3838.83', 'M', 7);
INSERT INTO Participant (`name`, `idParticipant`, `surname`, `DoB`, `phone`, `dailySalary`, `gender`, `idContender`) VALUES ('Greta', 41, 'Johnston', '1980-04-09', '988363126', '4959.1', 'M', 20);
INSERT INTO Participant (`name`, `idParticipant`, `surname`, `DoB`, `phone`, `dailySalary`, `gender`, `idContender`) VALUES ('Watson', 42, 'Pacocha', '2012-10-15', '994742847', '1225.15', 'F', 2);
INSERT INTO Participant (`name`, `idParticipant`, `surname`, `DoB`, `phone`, `dailySalary`, `gender`, `idContender`) VALUES ('Gardner', 43, 'Reichert', '1979-01-17', '454329726', '4367.66', 'M', 3);
INSERT INTO Participant (`name`, `idParticipant`, `surname`, `DoB`, `phone`, `dailySalary`, `gender`, `idContender`) VALUES ('Marcos', 44, 'Collins', '2008-02-26', '441520585', '3941.1', 'F', 1);
INSERT INTO Participant (`name`, `idParticipant`, `surname`, `DoB`, `phone`, `dailySalary`, `gender`, `idContender`) VALUES ('Murray', 45, 'Carroll', '2008-04-01', '650367759', '2218.66', 'F', 5);
INSERT INTO Participant (`name`, `idParticipant`, `surname`, `DoB`, `phone`, `dailySalary`, `gender`, `idContender`) VALUES ('Lucienne', 46, 'Schmeler', '1995-10-10', '157198458', '3960.92', 'F', 11);
INSERT INTO Participant (`name`, `idParticipant`, `surname`, `DoB`, `phone`, `dailySalary`, `gender`, `idContender`) VALUES ('Mark', 47, 'Kuvalis', '1984-10-14', '708947846', '4898.61', 'F', 12);
INSERT INTO Participant (`name`, `idParticipant`, `surname`, `DoB`, `phone`, `dailySalary`, `gender`, `idContender`) VALUES ('Arnoldo', 48, 'Grimes', '1974-09-28', '074099419', '3689.26', 'M', 9);
INSERT INTO Participant (`name`, `idParticipant`, `surname`, `DoB`, `phone`, `dailySalary`, `gender`, `idContender`) VALUES ('Kayli', 49, 'Hessel', '1986-03-16', '923256214', '3644.42', 'M', 20);
INSERT INTO Participant (`name`, `idParticipant`, `surname`, `DoB`, `phone`, `dailySalary`, `gender`, `idContender`) VALUES ('Karlee', 50, 'Fisher', '1992-07-15', '491106958', '2006.73', 'F', 7);


INSERT INTO `Show` (`idShow`, `date`, `startTime`, `endTime`, `location`) VALUES (1, '2018-01-30', '16:30', '18:20', '60752 Monahan Grove\nSouth Reese, VT 13162');
INSERT INTO `Show` (`idShow`, `date`, `startTime`, `endTime`, `location`) VALUES (2, '2018-02-01', '16:30', '18:20', '60752 Monahan Grove\nSouth Reese, VT 13162');

INSERT INTO `Show` (`idShow`, `date`, `startTime`, `endTime`, `location`) VALUES (3, '2018-01-29', '15:30', '17:30', '60752 Monahan Grove\nSouth Reese, VT 13162');
INSERT INTO `Show` (`idShow`, `date`, `startTime`, `endTime`, `location`) VALUES (4, '2018-02-02', '15:30', '17:30', '60752 Monahan Grove\nSouth Reese, VT 13162');

INSERT INTO CoachInShow (`idCoach`, `idShow`) VALUES (2, 2);
INSERT INTO CoachInShow (`idCoach`, `idShow`) VALUES (4, 1);
INSERT INTO CoachInShow (`idCoach`, `idShow`) VALUES (6, 2);
INSERT INTO CoachInShow (`idCoach`, `idShow`) VALUES (6, 3);
INSERT INTO CoachInShow (`idCoach`, `idShow`) VALUES (7, 3);
INSERT INTO CoachInShow (`idCoach`, `idShow`) VALUES (7, 4);
INSERT INTO CoachInShow (`idCoach`, `idShow`) VALUES (8, 2);
INSERT INTO CoachInShow (`idCoach`, `idShow`) VALUES (9, 1);
INSERT INTO CoachInShow (`idCoach`, `idShow`) VALUES (9, 3);
INSERT INTO CoachInShow (`idCoach`, `idShow`) VALUES (11, 3);
INSERT INTO CoachInShow (`idCoach`, `idShow`) VALUES (11, 4);
INSERT INTO CoachInShow (`idCoach`, `idShow`) VALUES (12, 1);
INSERT INTO CoachInShow (`idCoach`, `idShow`) VALUES (13, 3);
INSERT INTO CoachInShow (`idCoach`, `idShow`) VALUES (15, 1);
INSERT INTO CoachInShow (`idCoach`, `idShow`) VALUES (15, 3);
INSERT INTO CoachInShow (`idCoach`, `idShow`) VALUES (15, 4);
INSERT INTO CoachInShow (`idCoach`, `idShow`) VALUES (16, 3);
INSERT INTO CoachInShow (`idCoach`, `idShow`) VALUES (18, 4);
INSERT INTO CoachInShow (`idCoach`, `idShow`) VALUES (19, 2);


INSERT INTO ContenderInShow (`idShow`, `idContender`) VALUES (1, 18);
INSERT INTO ContenderInShow (`idShow`, `idContender`) VALUES (1, 20);
INSERT INTO ContenderInShow (`idShow`, `idContender`) VALUES (2, 4);
INSERT INTO ContenderInShow (`idShow`, `idContender`) VALUES (2, 5);
INSERT INTO ContenderInShow (`idShow`, `idContender`) VALUES (2, 6);
INSERT INTO ContenderInShow (`idShow`, `idContender`) VALUES (2, 7);
INSERT INTO ContenderInShow (`idShow`, `idContender`) VALUES (2, 13);
INSERT INTO ContenderInShow (`idShow`, `idContender`) VALUES (3, 3);
INSERT INTO ContenderInShow (`idShow`, `idContender`) VALUES (3, 4);
INSERT INTO ContenderInShow (`idShow`, `idContender`) VALUES (3, 6);
INSERT INTO ContenderInShow (`idShow`, `idContender`) VALUES (3, 13);
INSERT INTO ContenderInShow (`idShow`, `idContender`) VALUES (3, 16);
INSERT INTO ContenderInShow (`idShow`, `idContender`) VALUES (4, 12);
INSERT INTO ContenderInShow (`idShow`, `idContender`) VALUES (4, 13);
INSERT INTO ContenderInShow (`idShow`, `idContender`) VALUES (4, 18);
